{"https://issuer.captchafox.com":{"PrivateStateTokenV1VOPRF":{"batchsize":1,"id":1,"keys":{"0":{"Y":"AAAAAQQiyE+SESbq7GU5rTx6tZO4tBOxljp+Oya2mU28O+YoALIyXlLLqnl/h5h95ExYSsOlmMIb8EdsJBTrCaDl/KIZSskrfMbZpjhShG0jwnbXojEHI9WaAxKLkX/A/DkyMEg=","expiry":"1734807628115000"},"1":{"Y":"AAAAAQRNtld+5LLBquS4bEJKJwlLw61tzIyqTNkvMVnUTu+YiphbdGrRCjeDTN9D3p1Tgpfmq0N/OKMBYWzDMEN8Km9p9s49c6N2ph4B1MV1m7Ogdj969MOsTw54Kc849oqDl8s=","expiry":"1734807628115000"},"2":{"Y":"AAAAAQSBWW003A3ORFURCZrWNnbEIH15yzk184DaLSebbGzRdyCYtAM1qhhVmXZyBtWTzh6Bfkk5rLPyE1xdQilofPBizF/QJsdaMU0GYhPW1sOU4xoKbmgd/XrnOoFqA2ETOuc=","expiry":"1734807628115000"},"3":{"Y":"AAAAAQSG/ftGdm5B6iwAmVsHt6s43xx3nRf/Vpx9GdeEt3jSTM8hHvyLE9FAEkinGjt4Fp5EjnkCdE96Cxz10nZJRrMApIrGhG5kAoDu4T8PjJPiFQFyHAOdTG7OJWi2NS/rl1A=","expiry":"1734807628115000"},"4":{"Y":"AAAAAQT36tqe550UP5A+4Eokt8iuPZEuWQc9cGJXd7zUCZzrsqtGu3PMcVbOj5DjC4W+yoyF3HqKOqdtiBWgcMsZOcyln/6jUKqf5tS9AoIHa9CC3kQB8ISQd3lhR5j+qWVY8ms=","expiry":"1734807628115000"},"5":{"Y":"AAAAAQQMjaLNCR8+YpP7wuJc8LswYI6Lofx+FIzgc3YRXAZg1xPVUR0PanCmne8q9vAPJHXrHwpytYAO/p+7wy+7pV9OGY8S3atKypUVBKa/1+jo7pokpuI0OQKFWtEOZBaM0Hw=","expiry":"1734807628115000"}},"protocol_version":"PrivateStateTokenV1VOPRF"}},"https://my.contentpass.net":{"PrivateStateTokenV1VOPRF":{"batchsize":1,"id":2,"keys":{"1":{"Y":"AAAAAQSf54hDCPXvAfUGtHrxk8Wh3Xz5ojzIZL92OEMw8+1kZ9mXgHPTsInoWDEYroazoszJ8uJxsRUFA5+7V6ZzFOS7eISbYKQsjWZ0Ke2y4QpJqJkIqyI4VL7t2pg1ecaGC5M=","expiry":"1773878399000000"},"2":{"Y":"AAAAAQSE5dWqi59F+gqKzkvHifdLTNOquNCUdxEYQCOiqe575r6uF0DW9kOVO+jIgpu86Dg7xdUrzeoO8C6i3EGUtVY4wijUeEY/0hh1jLOMHcYlloPcEBo+Od+iPyynq6Cb11o=","expiry":"1773878399000000"},"3":{"Y":"AAAAAQSh7iFhbZfy31NFZakAbATW/z/nLslEoV43WNFfCGRZNemA3GhWJG59oFGgchPvXXa5PqwSTRlv9Qr6oMb6wShf0Jr6zGfMRRq+KGtFRsYxB4nBbCRIoBaGjkxxpXVC2lU=","expiry":"1787615999000000"},"4":{"Y":"AAAAAQSZguK/qht5tnGqvWIalJc4zu1Sw4sARomNsNJTHJfmmB7SZJ0y7deueAJvjY10yrraXEubPY3vBXaJZjdd52rlMUA6e+ZZO1CnyE/BEXSAJDmwGFc9dFyDo75GTlR9wMo=","expiry":"1787615999000000"},"5":{"Y":"AAAAAQQnSKv1Tu8G1GeYVZcA47YzcYwV26gFikIm+ksszLBhARUjnDZp0+jG7K/jCAFmHgfOgA0wUODtCkvb1RwgK5i91xL6J8tkAJLAKCW7WRvhDrKkv6XvuuMvEc+SC7EO+fY=","expiry":"1787615999000000"},"6":{"Y":"AAAAAQTj3NI5zfF93laTb9GyRXaJopvQM6ixe3JTB/dUMOt91V6YtAW37UevgyGZM9JCyK4Jq+V4YfYVp5JYyxS17i1viHdqtW8yeKzRPAFwHp5v/X8M9ez7NeTrp4iye9AqfcI=","expiry":"1787615999000000"},"7":{"Y":"AAAAAQSdAJeWEqaB1NDerb1XrOpouYeRUu0vFPkOQXcD5edqxb9iD5EbfTLCsiPGBxUNWl7DCIMr57RVzoF9X8GjedmU0pQuDZjCSmwqpdCueoVn/aZhF8+tY1fHXHr1D56o9pk=","expiry":"1787615999000000"},"8":{"Y":"AAAAAQS86hz9tWz2eBtY7ljdwf7arJoFWUJYIA/aapi2Bsdiq8aly9hyTzcgB67r6KnDeIWQeUZ0aG1rU5wVus8qdVED8OY9CAtw3wgMWuWhOZpX42UvsyionSyopLlcSefew3M=","expiry":"1787615999000000"}},"protocol_version":"PrivateStateTokenV1VOPRF"}},"https://privatetokens.dev":{"PrivateStateTokenV1VOPRF":{"batchsize":1,"id":1,"keys":{"0":{"Y":"AAAAAARfsssbDuePtDrNZ3lM/UURh5OQuxpiyHSHc1pdoKOlfZ1EEPEWMyjMs4RUBi04PGIH/2Ydu9DkhJBPOB8L3KvWrGzHY19bBVuYgypnPi1bFWV8FiVS7LTk4bQ6bUELZS8=","expiry":"1767139200000000"},"1":{"Y":"AAAAAQQf7weUF/kePEPj0OSOYXJFl5MtMxr8g0svnv/prKQJK/hXrKqyQCrfxWJaQcKvj0MqtJcAA0CMZUGO2+cEXXgVNsa9Rw3ozo5a69bRrcvwnu+DFfB/qrA+8vqB7HxSRyc=","expiry":"1767139200000000"},"2":{"Y":"AAAAAgQLbdTSLHbxKCt47+OFNTVxvvVenvsWvmB0GQrm0B7+fb+4Cr8DgkZ7O6cJ1XtJBN6pBocANfPtUMINbsFsrUrJILKj9zGuFbtlVUCnNTMxjgk6jhDGtvIrzoT2Tgj/Mqo=","expiry":"1767139200000000"},"3":{"Y":"AAAAAwSTuOrMb7Azhj0tzR0SBazJADihIRGWM3JMfCzAv38M7dAt3PrLa+yKQ2yJiyH43gbZo61I/AThxsw/55Bpo2mOZRfiRgYLiuuUceb5JJ69OLrkOuwAUyDJFsNGNXBy2m4=","expiry":"1767139200000000"},"4":{"Y":"AAAABASWQfNzun5KImUlkOvsg4iud4R4U+sOa2VjlUDMkrWB1S+q1qL/GuD3k687DQF/RfvbIbIeVkJZNyjobNqW7X4TsXU+lako/gxOBRqzl9aHaoMV9gk6EbvibY/XMD5AFDQ=","expiry":"1767139200000000"},"5":{"Y":"AAAABQR38by110bTSikIvk/oYI8eav69TFj3VrUNyc/Cj4dElEUIPqdpGUr2x+zH0vAs8+HD3lagql2JkzqncOEC5o6NX8bzWTTBxyNy7+uj9dYxy23jG0CFRxvJzLCRRTjuFZA=","expiry":"1767139200000000"}},"protocol_version":"PrivateStateTokenV1VOPRF"}},"https://pst-issuer.hcaptcha.com":{"PrivateStateTokenV1VOPRF":{"batchsize":1,"id":1,"keys":{"0":{"Y":"AAAAAAQn0iKkl4Xm6zKsIwQxrjdWuG5y1Dx/HhjZEzg5gzHs/bMzXRC4YqKI8JtrTOg1kzZLcQT4hDYmeuEnGZRSS4ZBtEVwnbk72AH9CB3041g+A2Y8AvXdrBZyBJaswydxU70=","expiry":"1691836104000000"},"102":{"Y":"AAAAZgStKBZhkdiDfCd2M72lOVQEm/8Gs8OokCr6q689DfraBUy2OAqS3fT3CRtHcIFsHHWTmFKfYNYbhDV9lOTeJiwGh/o2c5kSPczpgca9LEoJoNvCttwUfhzApxRQipTktSs=","expiry":"1699612104000000"},"118":{"Y":"AAAAdgTPJ4DSXNbDsSzd0lau1l+PDvS7j7rvWaXeb8Dq+bVbsHi49gWgtAmOvEhrx7qqlsMbowW9oFp+8hpMz0iPetfzNlpZ/rgchHMVGA2mAcUUD6hZpLFwi/WzzjPNzNjghiU=","expiry":"1694428104000000"},"134":{"Y":"AAAAhgQdOOxzj3+ff1GYbZKKas301vAlY5T1+HuRLecI7+aSpZHiJDLBId96+sYqFQ9Lw2v5ZL2XrdNsIjcJQeZjMNeoKzRIU2+twrJx15zOsAS7UYrnwmwcKUNaIvK5z+ofVao=","expiry":"1697020104000000"},"135":{"Y":"AAAAhwQ7lqyWJhRd1vwnfh9CTyEwAfvtHx8aM3kUzK4t1yjAde2H6ncqmaeSt0wCDHWQXRf+1t4qDjHDaVA6SsKUEmWNZrJ++q07cVNyg586fFJhklASuCAVD8MLgiI0joPbSmQ=","expiry":"1697020104000000"},"165":{"Y":"AAAApQT5FOfKepPac+BaNNEDET5ISLG0gRu76JnhDZgdCE4YGlZslfaxQxo2AB6dqWXUzCxgnidfjlVjDdCOQSYJDPFmE2rRGNMVpvHfZD4dKwwErc+oqvxsf+LIftX3DO1B+zg=","expiry":"1697020104000000"},"171":{"Y":"AAAAqwQ3VONsOHn8vztPDJugYiBknSk2h76L4m9v89gLbfK33SvUKB/D/oj7uIO3WHnOidaxdJ9tqhd4ee+EZ/cj7iV3b3cuBFqFEJPPUcHkNJ+FnU3fQmePRn0ZJGasPUCZNA8=","expiry":"1694428104000000"},"226":{"Y":"AAAA4gSl5pqFtr6FxLm5p9Pn7OjO7fH/rp25nZ/1qX6643BJcuWIC/Q1fc2v19bHZE6PNdLyMeO8ZMkRH5rRi3CX1xg54UWtX0b0/rFOy1ErX2nLDTDXJvSAMrbZZwuCDf/QkfA=","expiry":"1699612104000000"},"253":{"Y":"AAAA/QTFOMQlDqoIjS5e99cmi1xLcbcIyqfvzulldtB0PfoZAza6czULN9fKDfVXud74aOkzIDpDA7Ejx1Zw/2nr477EGpCeMmP9MXAxiaOroKI0kBd38uWTaqCxKmFcd/l16Ic=","expiry":"1699612104000000"},"29":{"Y":"AAAAHQSYqY3WA/Kuzh1J0w+YBfvx8tNECkbuRvKNvTCV/EYQh/O+tZQuROyFVk4M/vr2mw7yPK/dJhyl8FRMUSVvuQ7r/Y59fnNxyvPAdiKNeRlZb8TKs/Ymf0H9RLneFz3rOfM=","expiry":"1691836104000000"},"70":{"Y":"AAAARgT+F/qLdVCJZazqkgDgmbBY7DhDF78vsw6pfT6cGVAMfg4WhdkbQlLQkzKlPMVy0XsqyN2S2tSLa+0hFA4R8+YJpCYf9QJzg/XAw43fZkbu/TX7+q623KsQeWPMiuj9qAs=","expiry":"1694428104000000"},"87":{"Y":"AAAAVwSR0P31+cA6fOgTBHGN545mu5vLETOCgN2+6R8Wa8mmOl8QqvG5QJ8JRp6IiTXzJE8piCaKV9LKWw824abZzkxth/nsBD1zpBngEXq+pV9313owOkkyhfFYop9QBipxj9s=","expiry":"1691836104000000"}},"protocol_version":"PrivateStateTokenV1VOPRF"}},"https://pst.authfy.tech":{"PrivateStateTokenV1VOPRF":{"batchsize":1,"id":1,"keys":{"1":{"Y":"AAAAAQTGB+DcBu0tOGjsNGcx78cyXYSY00PwlVWb9KYMhKjtTNh4hOV38sFKGPJM3q2R4PWREwaVv0GhfH/ewJzx8AQnrXtXHM9q/gJS2NlhVHJ/v8lE9T31lA8IYA5qrNCdFAM=","expiry":"1722383999000000"},"2":{"Y":"AAAAAgSk04R1uzv+XeK/oSpt4dRquVrJxHSUv35gm6lNWKUlxoPBAOhYdtArOhpvFx7xCBRKhUy5m6bR/2APVwkM9bmaLbItpWqypvxILwqBJUmH4/6QLBZWWVB9vQSgxRWVaQw=","expiry":"1722383999000000"}},"protocol_version":"PrivateStateTokenV1VOPRF"}},"https://trusttoken.dev":{"PrivateStateTokenV1VOPRF":{"batchsize":1,"id":1,"keys":{"0":{"Y":"AAAAAARfsssbDuePtDrNZ3lM/UURh5OQuxpiyHSHc1pdoKOlfZ1EEPEWMyjMs4RUBi04PGIH/2Ydu9DkhJBPOB8L3KvWrGzHY19bBVuYgypnPi1bFWV8FiVS7LTk4bQ6bUELZS8=","expiry":"1767139200000000"},"1":{"Y":"AAAAAQQf7weUF/kePEPj0OSOYXJFl5MtMxr8g0svnv/prKQJK/hXrKqyQCrfxWJaQcKvj0MqtJcAA0CMZUGO2+cEXXgVNsa9Rw3ozo5a69bRrcvwnu+DFfB/qrA+8vqB7HxSRyc=","expiry":"1767139200000000"},"2":{"Y":"AAAAAgQLbdTSLHbxKCt47+OFNTVxvvVenvsWvmB0GQrm0B7+fb+4Cr8DgkZ7O6cJ1XtJBN6pBocANfPtUMINbsFsrUrJILKj9zGuFbtlVUCnNTMxjgk6jhDGtvIrzoT2Tgj/Mqo=","expiry":"1767139200000000"},"3":{"Y":"AAAAAwSTuOrMb7Azhj0tzR0SBazJADihIRGWM3JMfCzAv38M7dAt3PrLa+yKQ2yJiyH43gbZo61I/AThxsw/55Bpo2mOZRfiRgYLiuuUceb5JJ69OLrkOuwAUyDJFsNGNXBy2m4=","expiry":"1767139200000000"},"4":{"Y":"AAAABASWQfNzun5KImUlkOvsg4iud4R4U+sOa2VjlUDMkrWB1S+q1qL/GuD3k687DQF/RfvbIbIeVkJZNyjobNqW7X4TsXU+lako/gxOBRqzl9aHaoMV9gk6EbvibY/XMD5AFDQ=","expiry":"1767139200000000"},"5":{"Y":"AAAABQR38by110bTSikIvk/oYI8eav69TFj3VrUNyc/Cj4dElEUIPqdpGUr2x+zH0vAs8+HD3lagql2JkzqncOEC5o6NX8bzWTTBxyNy7+uj9dYxy23jG0CFRxvJzLCRRTjuFZA=","expiry":"1767139200000000"}},"protocol_version":"PrivateStateTokenV1VOPRF"}},"https://www.amazon.com":{"PrivateStateTokenV1VOPRF":{"batchsize":3,"id":2,"keys":{"0":{"Y":"AAAAAASYS4xoUXNZkFG9qw9D6tG414iVgVjLm8moh5c53vfSeUKnOEXtO+CL+FGCEYNh5xGEdkk6yfC9t5/MUkgJA6MwJ3Po7XwMkicnpGwR4mMiXTGCWiYK1FmU27ngETDxEfg=","expiry":"1811808000000000"},"1":{"Y":"AAAAAQTRulHfTLpd74bYeMAWlge1BTO+17QM7eBXsTAn4NAminHFWyw3mTrQCN1Hc+EZ17KJCi8gIQdk3JXHLD81PlsY8UBpAbjB0FyzLm7bWSpK3OnUnTiMNtN0698zLo4WD6s=","expiry":"1811808000000000"},"2":{"Y":"AAAAAgS7336yghS1ZxrDPkwQn3ozIpuKsPlC60mRnQnrL5Dek2drBidkLPTCT3X7wsqjVftFeAObr53x1m82m4D/BGctDLfgb74GOrlJjXPhFVLytRRn1SNfE9597e4zb16bens=","expiry":"1811808000000000"},"3":{"Y":"AAAAAwQSaa2zGmBBgZbHvtqe3YzSkWVErfvv7HCdtFGCJbW3+DZzgv8gi4S2Q/TL6cYlbNO6UILHl2GXJ0FzA6EcLQ1gmrjH6bEXH3NhDK/pu4Ryd5I/vZunHm8Z2Y4erRtzaWo=","expiry":"1811808000000000"},"4":{"Y":"AAAABASwJy8Xv9N6WehR8w/kFAWkNIAbaBydE9aCBrygVPgc9Z0J+WHj8on1YUkf0FFahc0Xjhrea50SLA66gibRx54d3/aUPx6f8Mc+uBwgTajtoBH4Kfb0rGXI7sRPokRBajs=","expiry":"1811808000000000"},"5":{"Y":"AAAABQTg74+7/u2f4azPVbI/3EB+u4w4EEI+Hdc7mkS4YYWR5PdU4osCQCevUpwAj4S0BG6sxVbABxw4nkkkBoTxUtGLVUWRXJ1Jdt051cfgrDHKs75odufr49rVjuJux4EjRfk=","expiry":"1811808000000000"}},"protocol_version":"PrivateStateTokenV1VOPRF"}}}