{"hashes":{"000ac7dc9366969db9d1e41810a3a27c747a7623535d856eecc2de86cfed80c7":{"appid":"eeobbhfgfagbclfofmgbdfoicabjdbkn"},"00af3f07b5abb71f6d30337e1eef62fa280f06ef19485c0cf6b72171f92ccc0a":{"appid":"kpfehajjjbbcifeehjgfgnabifknmdad"},"6dbbf6ec975f97a56ea8ce5c81dab302db6740c89c8ddbf5774728bffaedd238":{"appid":"fgbafbciocncjfbbonhocjaohoknlaco"},"89f43cb3df807293de2772d5f01ac2fc1482b38ccc8fdaee859b80642b7a0487":{"appid":"pghocgajpebopihickglahgebcmkcekh"},"95fd9d48e4fc245a3f3a99a3a16ecd1355050ba3f4afc555f19a97c7f9b49677":{"appid":"ohckeflnhegojcjlcpbfpciadgikcohk"},"a81d1959892ae4180554347df1b97834abba2e1a5e6b9aeba000ecea26eabecc":{"appid":"fppmbhmldokgmleojlplaaodlkibgikh"},"bcb93cba8636743d1fbd32be3bd8ce8ff602323895bf4d136c26b9bc64b0a6a4":{"appid":"ndikpojcjlepofdkaaldkinkjbeeebkl"},"fa29a6d5775ff340900a65b39b02fc8b4b77d403c048d8debf22f2f5d09c61a0":{"appid":"oankkpibpaokgecfckkdkgaoafllipag"}}}